# 만드는 순서 user lodging room
# 삭제 순서 room lodging user


INSERT INTO user (user_id, user_password, user_name, user_email, user_nickname, user_phonenum)
VALUES
    ('1', 'password1', 'User One', 'user1@example.com', 'Nickname1', '010-1111-1111'),
    ('2', 'password2', 'User Two', 'user2@example.com', 'Nickname2', '010-2222-2222'),
    ('3', 'password3', 'User Three', 'user3@example.com', 'Nickname3', '010-3333-3333'),
    ('4', 'password4', 'User Four', 'user4@example.com', 'Nickname4', '010-4444-4444'),
    ('5', 'password5', 'User Five', 'user5@example.com', 'Nickname5', '010-5555-5555'),
    ('6', 'password6', 'User Six', 'user6@example.com', 'Nickname6', '010-6666-6666'),
    ('7', 'password7', 'User Seven', 'user7@example.com', 'Nickname7', '010-7777-7777'),
    ('8', 'password8', 'User Eight', 'user8@example.com', 'Nickname8', '010-8888-8888'),
    ('9', 'password9', 'User Nine', 'user9@example.com', 'Nickname9', '010-9999-9999'),
    ('10', 'password10', 'User Ten', 'user10@example.com', 'Nickname10', '010-1010-1010');



INSERT INTO lodging (
    lodging_picture_1, lodging_picture_2, lodging_picture_3, lodging_name,
    lodging_type, lodging_location1, lodging_location2, lodging_address,
    lodging_number, lodging_url, lodging_open, lodging_close, lodging_introduce,
    lodging_service, lodging_usinginfo, lodging_notice, lodging_owner_name,
    lodging_owner_number, lodging_owner_email, lodging_owner_id, user_id
)
VALUES
    ('https://yaimg.yanolja.com/v5/2023/04/12/13/1280/6436afb868e981.03915829.jpg', 'https://yaimg.yanolja.com/v5/2023/04/12/13/1280/6436b01a60dc21.48340651.jpg', 'https://yaimg.yanolja.com/v5/2022/12/23/16/1280/63a5dca77537d0.08380742.jpg', '명동(충무로) JIN FOREST Inn', '모텔', '서울특별시', '중구', '서울특별시 중구 퇴계로28길 6-3', '0507-1363-8722', 'https://bit.ly//3S1sGub', '15:00', '13:00', '전객실 월풀욕조(1-2인용)공기청정기 월리암로렌스 침대', '주차가능, 커플PC, 안마의자, 공기청정기, 와이파이, 트윈베드, 욕실TV, 3DTV, 비즈니스, 고사양PC', '1회용품 줄이기에 동참해주세요. 2024년 3월 29일부터 일부 숙소는 1회용품(칫솔, 면도기 등)을 무료로 제공하지 않을 수 있습니다. 「자원의 절약과 재활용촉진에 관한 법률 일부개정에 따름', '객실은 사진과 다르게 랜덤으로 배정될 수 있습니다. 객실요금은 2인 입실 기준이며, 추가인원이 발생시 1만원의 추가비용이 발생합니다. 파티룸 등 특수객실의 경우, 직접 입실 인원 확인이 필요합니다. 미성년자의 원칙적으로 입실은 불가하며, 보호자와 동반 시 입실 가능합니다.', '임동준', '0507-1363-8722', 'dlaehdwns2020@gmail.com', 1111, 1),
    ('https://yaimg.yanolja.com/v5/2018/04/04/13/1280/5ac450f2ea0f97.17347261.jpg', 'https://yaimg.yanolja.com/v5/2018/04/04/13/1280/5ac4514e65a072.18157079.jpg', 'https://yaimg.yanolja.com/v5/2018/04/04/13/640/5ac4514c9fb346.27979299.jpg', '부산 재송동 엘루이', '모텔', '부산광역시', '해운대구', '부산광역시 해운대구 해운대로153번길 28', '051-807-0071', 'http://instagram.com/lrui_hotel', '15:00', '13:00', '전직원이 한마음으로 고객님들께 최선을 다 하겠습니다. 최상의 서비스와 청결한 객실환경을 제공하기 위해 최선을 다하겠습니다.', '스파/월풀/욕조, 주차가능, 무료영화(OTT), 트윈베드, 24시간데스크, 고사양PC', '1회용품 줄이기에 동참해주세요. 2024년 3월 29일부터 일부 숙소는 1회용품(칫솔, 면도기 등)을 무료로 제공하지 않을 수 있습니다. 「자원의 절약과 재활용촉진에 관한 법률 일부개정에 따름', '객실요금은 2인 입실 기준이며, 파티룸 등 특수객실의 경우, 직접 입실 인원 확인이 필요합니다. 미성년자의 입실 가능여부는 직접 제휴점에 확인 후 예약 진행하시기 바랍니다. 미성년자 혼숙예약으로 인해 발생하는 입실 거부에 대해서는 취소/환불이 불가합니다. 제휴점 사정에 의한 취소 발생 시 100% 환불 처리됩니다.', '임동준', '051-807-0071', 'dlaehdwns2020@gmail.com', 2222,2),
    ('https://yaimg.yanolja.com/v5/2020/04/14/16/1280/5e95664f5bf1b4.66866712.jpg', 'https://yaimg.yanolja.com/v5/2020/01/21/14/1280/5e268ec66e4680.00327103.jpg', 'https://yaimg.yanolja.com/v5/2023/01/27/16/1280/63d3f57c2bca32.26231332.jpg', '인천(간석동) 파이', '모텔', '인천광역시', '강화군', '인천 남동구 석촌로46번길 47 (간석동)', '064-749-2500', 'https://paihotel.modoo.at', '15:00', '13:00', 'New!!파이!넷플릭스&웨이브가능!게이밍커플PC입점', '주차가능, 파티룸, 히노끼탕, 트윈베드, 욕실TV, VOD, 당구대', '1회용품 줄이기에 동참해주세요. 2024년 3월 29일부터 일부 숙소는 1회용품(칫솔, 면도기 등)을 무료로 제공하지 않을 수 있습니다. 「자원의 절약과 재활용촉진에 관한 법률 일부개정에 따름', 'Vip실-당구방.월풀방.욕조방 3개타입중 렌덤으로 들어갑니다. 객실요금은 2인 입실 기준이며, 파티룸 등 특수객실의 경우, 직접 입실 인원 확인이 필요합니다. 미성년자의 입실 가능여부는 직접 제휴점에 확인 후 예약 진행하시기 바랍니다. 미성년자 혼숙예약으로 인해 발생하는 입실 거부에 대해서는 취소/환불이 불가합니다.', '임동준', '064-749-2500', 'dlaehdwns2020@gmail.com', 3333, 3),
    ('<img alt="" src="https://yaimg.yanolja.com/v5/2019/08/02/10/1280/5d4393017144c3.42441575.jpg" decoding="async" data-nimg="fill" class="css-sr2c7j" style="position: absolute; inset: 0px; box-sizing: border-box; padding: 0px; border: none; margin: auto; display: block; width: 0px; height: 0px; min-width: 100%; max-width: 100%; min-height: 100%; max-height: 100%;">', 'https://yaimg.yanolja.com/v5/2019/08/01/17/1280/5d42a999dc8200.22880974.jpg', null, '제주 ATnoon', '모텔', '제주특별자치도', '제주시', '제주특별자치도 제주시 은남1길 8 (연동)', '031-205-8547', 'http://atnoonhotel.modoo.at/', '15:00', '13:00', '넷플릭스 대형55,65인치TV(테라스 디럭스 더블)', '주차가능, 무료영화(OTT), 와이파이, 흡연구역, 객실금연, VOD, 24시간데스크, 수화물보관', '1회용품 줄이기에 동참해주세요. 2024년 3월 29일부터 일부 숙소는 1회용품(칫솔, 면도기 등)을 무료로 제공하지 않을 수 있습니다. 「자원의 절약과 재활용촉진에 관한 법률 일부개정에 따름', '객실요금은 2인 입실 기준이며, 파티룸 등 특수객실의 경우, 직접 입실 인원 확인이 필요합니다. (인원추가 시 1인 2만원, 객실별 최대 인원 상이) 업체 사정에 의한 취소 발생 시 100% 환불 처리됩니다.(업체 방문 시 업체를 통한 즉시 환불 가능) 업체 사정으로 객실 정보가 수시로 변경될 수 있습니다. 이로 인한 불이익은 당사가 책임지지 않습니다.', '임동준', '031-205-8547', 'dlaehdwns2020@gmail.com', 4444, 4),
    ('https://yaimg.yanolja.com/v5/2022/08/17/17/1280/62fd254f5306e0.54100277.jpg', 'https://yaimg.yanolja.com/v5/2022/06/03/11/1280/6299eca81348a7.69102058.jpg', null, '수원 영통 오투', '모텔', '경기도', '수원시', '경기 수원시 영통구 청명남로28번길 7 (영통동)', '031-205-8542', 'https://swo2.modoo.at', '15:00', '13:00', '전 객실 프리미엄 침구 교체, 다양한 OTT 시청', '스파/월풀/욕조, 주차가능, 커플PC, 객실내PC, 무료영화(OTT), 안마의자, 파티룸, 스타일러, 거울룸, 와이파이, VOD, 미니바', '1회용품 줄이기에 동참해주세요. 2024년 3월 29일부터 일부 숙소는 1회용품(칫솔, 면도기 등)을 무료로 제공하지 않을 수 있습니다. 「자원의 절약과 재활용촉진에 관한 법률 일부개정에 따름', '객실요금은 2인 입실 기준이며, 파티룸 등 특수객실의 경우, 직접 입실 인원 확인이 필요합니다. 미성년자의 입실 가능여부는 직접 제휴점에 확인 후 예약 진행하시기 바랍니다.', '임동준', '031-205-8542', 'dlaehdwns2020@gmail.com', 5555, 5),
    ('https://yaimg.yanolja.com/v5/2023/11/16/10/1280/6555f4ef7437d6.73594090.jpg', 'https://yaimg.yanolja.com/v5/2023/11/16/10/1280/6555f5bca5f898.92687801.jpg', 'https://yaimg.yanolja.com/v5/2023/11/16/10/1280/6555f5bcb350e8.28945124.jpg', '고양(주교) 트라움', '모텔', '경기도', '고양시', '경기도 고양시 덕양구 고양시청로 31 (주교동)', '101호', null, '15:00', '13:00', '5성급침구류/OTT', '스파/월풀/욕조, 주차가능, 무료영화(OTT), 트윈베드, 24시간데스크, 고사양PC', '1회용품 줄이기에 동참해주세요. 2024년 3월 29일부터 일부 숙소는 1회용품(칫솔, 면도기 등)을 무료로 제공하지 않을 수 있습니다. 「자원의 절약과 재활용촉진에 관한 법률 일부개정에 따름', null, '임동준', '101호', 'dlaehdwns2020@gmail.com', 6666, 6),
    ('https://yaimg.yanolja.com/v5/2021/09/01/11/1280/612f5e555dc008.09244650.jpg', null, null, '용인 IMT', '모텔', '경기도', '용인시', '경기도 용인시 수지구 풍덕천로190번길 13 (풍덕천동)', '031-265-6761', null, '15:00', '13:00', '전객실ACE침대,스타일러,2인욕조,공기청정기,고데기', '주차가능, 무료영화(OTT), 안마의자, 와이파이, VOD, 스낵바', '1회용품 줄이기에 동참해주세요. 2024년 3월 29일부터 일부 숙소는 1회용품(칫솔, 면도기 등)을 무료로 제공하지 않을 수 있습니다. 「자원의 절약과 재활용촉진에 관한 법률 일부개정에 따름', null, '임동준', '031-265-6761', 'dlaehdwns2020@gmail.com', 7777, 7),
    ('https://yaimg.yanolja.com/resize/place/v4/2017/08/18/21/1280/5996dac999d639.64845544.JPG', 'https://yaimg.yanolja.com/v5/2023/09/21/10/1280/650c21046e8c50.50353466.jpg', 'https://yaimg.yanolja.com/v5/2023/09/21/10/1280/650c2104772c93.71192650.jpg', '창원 팔용동 AVA', '모텔', '경상남도', '창원시', '경상남도 창원시 의창구 의창대로54번길 6-7 (아바모텔)', '0507-1417-4005', 'https://hotelava.modoo.at', '15:00', '13:00', '소독 철저, 사용 침구 100% 교체', '주차가능, 객실내PC, 무료영화(OTT), 와이파이, 트윈베드, 다이닝룸, 고사양PC', '1회용품 줄이기에 동참해주세요. 2024년 3월 29일부터 일부 숙소는 1회용품(칫솔, 면도기 등)을 무료로 제공하지 않을 수 있습니다. 「자원의 절약과 재활용촉진에 관한 법률 일부개정에 따름', null, '임동준', '0507-1417-4005', 'dlaehdwns2020@gmail.com', 8888, 8),
    ('https://yaimg.yanolja.com/v5/2020/09/11/14/1280/5f5b05fd355134.06894986.jpg', 'https://yaimg.yanolja.com/v5/2017/08/25/16/1280/599fce34baea26.48731484.jpg', null, '김해 장유 아리아', '모텔', '경상남도', '김해시', '경상남도 김해시 번화1로44번길 27 (대청동)', '055-314-1818', null, '15:00', '13:00', '2023년 8월 장유 최고의 호텔로 리뉴얼 오픈', '스파/월풀/욕조, 주차가능, 무인텔, 와이파이, VOD, 고사양PC', '1회용품 줄이기에 동참해주세요. 2024년 3월 29일부터 일부 숙소는 1회용품(칫솔, 면도기 등)을 무료로 제공하지 않을 수 있습니다. 「자원의 절약과 재활용촉진에 관한 법률 일부개정에 따름', null, '임동준', '055-314-1818', 'dlaehdwns2020@gmail.com', 9999, 9),
    ('https://yaimg.yanolja.com/v5/2020/04/02/12/1280/5e85588cb0be17.82387687.jpg', 'https://yaimg.yanolja.com/v5/2020/04/02/12/1280/5e855746a845f3.11598323.jpg', null, '포항 상도동 vinn HAUS', '모텔', '경상북도', '포항시', '경상북도 포항시 남구 중흥로 61번길 16-2', '0507-1375-9123', null, '15:00', '13:00', 'BEST 안전숙소', '주차가능, 객실내PC, 와이파이, 24시간데스크, 비즈니스', '1회용품 줄이기에 동참해주세요. 2024년 3월 29일부터 일부 숙소는 1회용품(칫솔, 면도기 등)을 무료로 제공하지 않을 수 있습니다. 「자원의 절약과 재활용촉진에 관한 법률 일부개정에 따름', null, '임동준', '0507-1375-9123', 'dlaehdwns2020@gmail.com', 1010, 10)



INSERT INTO room (room_name, room_picture_1, room_picture_2, room_picture_3, room_normal_people, room_max_people, room_price, room_number, room_area, room_bed, room_bed_grade, room_bathroom, room_smoke,lodging_id)
VALUES
    ('스탠다드룸', 'https://yaimg.yanolja.com/v5/2023/04/12/13/1280/6436afb868e981.03915829.jpg', 'https://yaimg.yanolja.com/v5/2023/04/12/13/640/6436afd409c024.35776307.jpg', null, 2, 2, 50000, '101호', 12, 1, '퀸', 1, 'NO', 1),
    ('디럭스룸', 'https://yaimg.yanolja.com/v5/2023/04/12/13/640/6436afb853b191.05424343.jpg', 'https://yaimg.yanolja.com/v5/2023/04/12/13/640/6436afb85f5360.87321845.jpg', null, 2, 2, 60000, '102호', 12, 1, '퀸', 1, 'NO', 1),
    ('게이밍 2PC룸', 'https://yaimg.yanolja.com/v5/2018/04/04/13/640/5ac4511fd0d918.92182729.jpg', 'https://yaimg.yanolja.com/v5/2022/11/23/18/640/637e6bd931fda3.96672479.jpg', 'https://yaimg.yanolja.com/v5/2022/11/23/18/640/637e6bd94c6c11.72831753.jpg', 2, 2, 40000, '201호', 12, 1, '더블', 1, 'NO', 2),
    ('VIP룸', 'https://yaimg.yanolja.com/v5/2018/04/04/13/640/5ac4514bbcab08.86685905.jpg', 'https://yaimg.yanolja.com/v5/2018/04/04/13/640/5ac4514d835ac9.16471134.jpg', null, 2, 2, 50000, '202호', 16, 1, '더블', 2, 'NO', 2),
    ('프리미엄룸', 'https://yaimg.yanolja.com/v5/2023/01/27/16/640/63d3f57c2bca32.26231332.jpg', 'https://yaimg.yanolja.com/v5/2023/01/27/16/640/63d3f57c3b7bb0.37561338.jpg', 'https://yaimg.yanolja.com/v5/2023/01/27/16/640/63d3f57c40b8c2.06486876.jpg', 2, 2, 38000, '301호', 14, 1, '퀸', 1, 'NO', 3),
    ('로얄 프리미엄룸', 'https://yaimg.yanolja.com/v5/2023/01/27/16/640/63d3f539430eb5.38669492.jpg', '<img src="https://yaimg.yanolja.com/v5/2020/01/21/11/640/5e265cddec5003.22371141.jpg" draggable="false" loading="lazy" class="css-w9k1o7">', null, 2, 2, 53000, '302호', 16, 1, '퀸', 2, 'NO', 3),
    ('Deluxewide룸', 'https://yaimg.yanolja.com/v5/2021/11/02/10/640/61810c2e6bb1e6.88741523.jpg', 'https://yaimg.yanolja.com/v5/2021/11/02/10/640/61810c2e92ff38.06092287.jpg', null, 2, 2, 70000, '401호', 12, 1, '퀸', 1, 'NO', 4),
    ('TerraceDeluxeTwin룸', 'https://yaimg.yanolja.com/v5/2019/08/02/10/640/5d43938b45b3a8.14267625.jpg', 'https://yaimg.yanolja.com/v5/2019/08/02/10/640/5d4393914b4ec6.46904666.jpg', null, 2, 2, 60000, '402호', 12, 2, '싱글', 1, 'NO', 4),
    ('스탠다드,노하드PC룸', 'https://yaimg.yanolja.com/v5/2022/11/23/18/640/637e6bd92b5cc3.26825811.jpg', 'https://yaimg.yanolja.com/v5/2022/11/23/18/640/637e6bd931fda3.96672479.jpg', 'https://yaimg.yanolja.com/v5/2022/11/23/18/640/637e6bd94c6c11.72831753.jpg', 2, 2, 49500, '101호', 12, 1, '퀸', 1, 'NO', 5),
    ('트윈룸,커플노하드PC룸', 'https://yaimg.yanolja.com/v5/2022/06/03/10/640/6299e5bfa8e815.15647566.jpg', 'https://yaimg.yanolja.com/v5/2022/06/03/10/640/6299e5bfb988d4.95250733.jpg', 'https://yaimg.yanolja.com/v5/2022/06/03/10/640/6299e5bfc75847.35047591.jpg', 2, 3, 54000, '102호', 12, 2, '퀸', 1, 'NO', 5),
    ('스탠다드OTT무비룸', 'https://yaimg.yanolja.com/v5/2023/11/16/10/640/6555f5bc9fa6f2.65186492.jpg', 'https://yaimg.yanolja.com/v5/2023/11/16/10/640/6555f5bcb350e8.28945124.jpg', null, 2, 3, 4000, '201호', 12, 1, '퀸', 1, 'NO', 6),
    ('프리미엄,OTT무비룸', 'https://yaimg.yanolja.com/v5/2023/11/16/10/640/6555f597e56bf7.10602970.jpg', 'https://yaimg.yanolja.com/v5/2023/11/16/10/640/6555f598174010.12307668.jpg', null, 2, 3, 54000, '202호', 14, 2, '퀸', 2, 'NO', 6),
    ('준특실룸', 'https://yaimg.yanolja.com/v5/2021/09/01/11/640/612f60a856ea07.56777828.jpg', 'https://yaimg.yanolja.com/v5/2021/09/01/11/640/612f60a8697802.66189343.jpg', 'https://yaimg.yanolja.com/v5/2021/09/01/11/640/612f60a87e3887.58157813.jpg', 2, 2, 53000, '301호', 12, 1, '퀸', 1, 'NO', 7),
    ('커플PC룸', 'https://yaimg.yanolja.com/v5/2021/09/01/11/640/612f609e079180.65109489.jpg', 'https://yaimg.yanolja.com/v5/2021/09/01/11/640/612f609e0dea86.71923331.jpg', 'https://yaimg.yanolja.com/v5/2021/09/01/11/640/612f609e26d189.75847713.jpg', 2, 2, 63000, '302호', 12, 1, '퀸', 1, 'NO', 7),
    ('스탠다드,욕조룸', 'https://yaimg.yanolja.com/v5/2023/09/06/13/640/64f87b9a51f755.91642480.jpg', 'https://yaimg.yanolja.com/v5/2023/09/06/13/640/64f87b9a3df0f8.63622571.JPG', 'https://yaimg.yanolja.com/v5/2023/09/06/13/640/64f87b9a45f982.90078126.JPG', 2, 2, 45000, '401호', 12, 1, '킹', 1, 'NO', 8),
    ('디럭스욕실마사지베드룸', '<img src="https://yaimg.yanolja.com/v5/2023/09/20/17/640/650b2829a73366.85583493.jpg" draggable="false" loading="lazy" class="css-w9k1o7">', 'https://yaimg.yanolja.com/v5/2023/09/20/17/640/650b2829a14809.96346603.jpg', null, 2, 2, 45000, '401호', 12, 1, '킹', 1, 'NO', 8),
    ('프리미엄룸', 'https://yaimg.yanolja.com/v5/2017/08/25/16/640/599fcd0e67b499.18173612.jpg', 'https://yaimg.yanolja.com/v5/2017/08/25/16/640/599fcd0a2a3e96.65389067.jpg', null, 2, 2, 45000, '401호', 12, 1, '킹', 1, 'NO', 9),
    ('스탠다드룸', 'https://yaimg.yanolja.com/v5/2019/10/01/14/640/5d92eb57a0d4a2.46993604.jpg', 'https://yaimg.yanolja.com/v5/2019/10/01/14/640/5d92eb59922a11.65955524.jpg', null, 2, 2, 45000, '401호', 12, 1, '킹', 1, 'NO', 9),
    ('디럭스룸', 'https://yaimg.yanolja.com/v5/2020/04/02/12/640/5e855746a845f3.11598323.jpg', 'https://yaimg.yanolja.com/v5/2020/04/02/12/640/5e855749df8bd0.68216723.jpg', 'https://yaimg.yanolja.com/v5/2020/04/02/12/640/5e85574ccaa071.84556989.jpg', 2, 2, 45000, '401호', 12, 1, '킹', 1, 'NO', 10),
    ('스위트룸', 'https://yaimg.yanolja.com/v5/2020/04/02/12/640/5e855796386c45.25009181.jpg', 'https://yaimg.yanolja.com/v5/2020/04/02/12/640/5e855798b844e7.24328535.jpg', 'https://yaimg.yanolja.com/v5/2020/04/02/12/640/5e85579b302678.38796528.jpg', 2, 2, 45000, '401호', 12, 1, '킹', 1, 'NO', 10);






